date,network,observations,rpc_success_pct,avg_latency_ms,avg_health_score,avg_estimated_block_time_seconds,avg_gas_utilization_pct,anomaly_count
2026-09-17,arc-mainnet,4,100.0,409.01,95.0,0.52,8.27,0
2026-09-17,ethereum-mainnet,4,45.16,75.13,62.0,,,0
2026-09-18,arbitrum-one,5,85.71,128.47,93.0,0.25,0.0,0
2026-09-18,arc-mainnet,8,100.0,470.15,95.0,0.51,6.5,0
2026-09-18,avalanche-c-chain,5,85.71,108.26,93.0,1.06,9.64,0
2026-09-18,base-mainnet,5,100.0,124.97,100.0,2.0,10.65,0
2026-09-18,ethereum-mainnet,8,51.61,81.12,66.38,,,5
2026-09-18,optimism-mainnet,5,100.0,265.87,96.0,2.0,34.26,0
2026-09-19,arbitrum-one,8,85.71,96.84,93.0,0.26,0.0,0
2026-09-19,arc-mainnet,8,100.0,404.16,95.0,0.51,4.47,0
2026-09-19,avalanche-c-chain,8,85.71,79.32,93.0,1.08,12.85,0
2026-09-19,base-mainnet,8,100.0,80.83,100.0,2.0,8.44,0
2026-09-19,ethereum-mainnet,8,57.14,68.81,69.0,,,8
2026-09-19,optimism-mainnet,8,100.0,226.28,98.12,2.0,31.3,0
2026-09-20,arbitrum-one,7,85.71,72.34,93.0,0.26,0.0,0
2026-09-20,arc-mainnet,7,100.0,382.52,95.0,0.51,3.98,0
2026-09-20,avalanche-c-chain,7,85.71,69.75,93.0,1.07,6.52,0
2026-09-20,base-mainnet,7,100.0,74.77,100.0,2.0,7.08,0
2026-09-20,ethereum-mainnet,7,57.14,70.09,69.0,,,7
2026-09-20,optimism-mainnet,7,100.0,212.76,98.57,2.0,35.99,0
2026-09-21,arbitrum-one,5,85.71,93.06,93.0,0.26,0.0,0
2026-09-21,arc-mainnet,5,100.0,420.09,95.0,0.51,4.71,0
2026-09-21,avalanche-c-chain,5,85.71,61.95,93.0,1.06,4.54,0
2026-09-21,base-mainnet,5,100.0,93.26,100.0,2.0,8.96,0
2026-09-21,ethereum-mainnet,5,57.14,65.18,69.0,,,5
2026-09-21,optimism-mainnet,5,100.0,229.39,98.0,2.0,32.61,0
2026-09-22,arbitrum-one,6,85.71,86.76,93.0,0.26,0.0,0
2026-09-22,arc-mainnet,6,100.0,453.18,95.0,0.51,4.7,0
2026-09-22,avalanche-c-chain,6,85.71,91.63,93.0,1.2,4.83,0
2026-09-22,base-mainnet,6,100.0,95.47,100.0,2.0,10.0,0
2026-09-22,ethereum-mainnet,6,57.14,76.78,69.0,,,6
2026-09-22,optimism-mainnet,6,100.0,260.91,97.5,2.0,47.11,0
2026-09-23,arbitrum-one,6,85.71,104.75,93.0,0.26,0.0,0
2026-09-23,arc-mainnet,6,100.0,441.88,95.0,0.51,4.22,0
2026-09-23,avalanche-c-chain,6,85.71,90.19,93.0,1.23,19.29,0
2026-09-23,base-mainnet,6,100.0,107.09,100.0,2.0,12.16,0
2026-09-23,ethereum-mainnet,6,57.14,74.08,69.0,,,6
2026-09-23,optimism-mainnet,6,100.0,286.33,97.5,2.0,39.52,0
2026-09-24,arbitrum-one,6,85.71,164.81,92.17,0.27,0.0,0
2026-09-24,arc-mainnet,6,100.0,433.64,95.0,0.51,3.1,0
2026-09-24,avalanche-c-chain,6,85.71,272.98,91.33,1.21,10.2,1
2026-09-24,base-mainnet,6,100.0,101.63,100.0,2.0,10.54,0
2026-09-24,ethereum-mainnet,6,57.14,67.34,69.0,,,6
2026-09-24,optimism-mainnet,6,100.0,244.49,97.5,2.0,43.83,0
2026-09-25,arbitrum-one,6,85.71,77.26,93.0,0.27,0.0,0
2026-09-25,arc-mainnet,6,100.0,391.39,95.0,0.51,5.26,0
2026-09-25,avalanche-c-chain,6,85.71,80.25,93.0,1.2,12.79,0
2026-09-25,base-mainnet,6,100.0,77.4,100.0,2.0,8.64,0
2026-09-25,ethereum-mainnet,6,57.14,68.69,69.0,,,6
2026-09-25,optimism-mainnet,6,100.0,238.5,99.17,2.0,46.71,0
2026-09-26,arbitrum-one,7,85.71,182.2,91.57,0.28,0.0,1
2026-09-26,arc-mainnet,7,100.0,400.51,95.0,0.51,4.55,0
2026-09-26,avalanche-c-chain,7,85.71,67.59,93.0,1.3,2.84,0
2026-09-26,base-mainnet,7,100.0,113.61,100.0,2.0,7.62,0
2026-09-26,ethereum-mainnet,7,57.14,70.7,69.0,,,7
2026-09-26,optimism-mainnet,7,100.0,209.64,100.0,2.0,40.75,0
2026-09-27,arbitrum-one,6,85.71,69.34,93.0,0.28,0.0,0
2026-09-27,arc-mainnet,6,100.0,350.2,95.0,0.51,2.19,0
2026-09-27,avalanche-c-chain,6,85.71,60.79,93.0,1.35,0.75,0
2026-09-27,base-mainnet,6,100.0,69.15,100.0,2.0,8.12,0
2026-09-27,ethereum-mainnet,6,57.14,66.2,69.0,,,6
2026-09-27,optimism-mainnet,6,100.0,212.36,98.33,2.0,47.36,0
2026-09-28,arbitrum-one,4,85.71,125.23,91.75,0.27,0.0,0
2026-09-28,arc-mainnet,4,100.0,413.47,95.0,0.51,4.23,0
2026-09-28,avalanche-c-chain,4,85.71,71.33,93.0,1.32,3.26,0
2026-09-28,base-mainnet,4,100.0,92.25,100.0,2.0,12.98,0
2026-09-28,ethereum-mainnet,4,57.14,97.93,69.0,,,4
2026-09-28,optimism-mainnet,4,100.0,250.71,96.25,2.0,38.6,0
2026-09-29,arbitrum-one,5,85.71,68.74,93.0,0.27,0.0,0
2026-09-29,arc-mainnet,5,100.0,338.86,95.0,0.51,5.98,0
2026-09-29,avalanche-c-chain,5,85.71,51.63,93.0,1.32,5.56,0
2026-09-29,base-mainnet,5,100.0,64.72,100.0,2.0,9.3,0
2026-09-29,ethereum-mainnet,5,57.14,58.19,69.0,,,5
2026-09-29,optimism-mainnet,5,100.0,201.29,99.0,2.0,34.14,0
2026-09-30,arbitrum-one,5,85.71,158.11,92.0,0.28,0.0,0
2026-09-30,arc-mainnet,5,100.0,465.6,95.0,0.51,1.73,0
2026-09-30,avalanche-c-chain,5,85.71,93.15,93.0,1.27,1.81,0
2026-09-30,base-mainnet,5,100.0,111.45,100.0,2.0,14.02,0
2026-09-30,ethereum-mainnet,5,57.14,74.83,69.0,,,5
2026-09-30,optimism-mainnet,5,100.0,277.83,97.0,2.0,42.97,0
2026-10-01,arbitrum-one,4,85.71,97.3,93.0,0.27,0.0,0
2026-10-01,arc-mainnet,4,100.0,391.4,95.0,0.51,3.29,0
2026-10-01,avalanche-c-chain,4,85.71,78.6,93.0,1.15,7.51,0
2026-10-01,base-mainnet,4,100.0,86.89,100.0,2.0,11.86,0
2026-10-01,ethereum-mainnet,4,57.14,68.66,69.0,,,4
2026-10-01,optimism-mainnet,4,100.0,251.61,97.5,2.0,47.82,0
2026-10-02,arbitrum-one,5,85.71,93.36,93.0,0.27,0.0,0
2026-10-02,arc-mainnet,5,100.0,449.15,95.0,0.51,2.66,0
2026-10-02,avalanche-c-chain,5,85.71,85.18,93.0,1.2,5.3,0
2026-10-02,base-mainnet,5,100.0,101.5,100.0,2.0,9.99,0
2026-10-02,ethereum-mainnet,5,57.14,58.68,69.0,,,5
2026-10-02,optimism-mainnet,5,100.0,241.23,97.0,2.0,50.46,0
2026-10-03,arbitrum-one,6,85.71,91.16,93.0,0.28,0.0,0
2026-10-03,arc-mainnet,6,100.0,436.86,95.0,0.51,2.64,0
2026-10-03,avalanche-c-chain,6,85.71,79.28,93.0,1.32,3.27,0
2026-10-03,base-mainnet,6,100.0,98.46,100.0,2.0,8.09,0
2026-10-03,ethereum-mainnet,6,57.14,61.46,69.0,,,6
2026-10-03,optimism-mainnet,6,100.0,287.22,95.83,2.0,48.26,0
2026-10-04,arbitrum-one,5,85.71,88.1,93.0,0.28,0.0,0
2026-10-04,arc-mainnet,5,100.0,440.84,95.0,0.51,2.94,0
2026-10-04,avalanche-c-chain,5,85.71,66.21,93.0,1.29,1.62,0
2026-10-04,base-mainnet,5,100.0,90.74,100.0,2.0,7.56,0
2026-10-04,ethereum-mainnet,5,57.14,47.86,69.0,,,5
2026-10-04,optimism-mainnet,5,100.0,227.28,99.0,2.0,45.01,0
2026-10-05,arbitrum-one,4,85.71,124.49,93.0,0.28,0.0,0
2026-10-05,arc-mainnet,4,100.0,427.52,95.0,0.51,2.0,0
2026-10-05,avalanche-c-chain,4,85.71,123.8,93.0,1.26,1.0,0
2026-10-05,base-mainnet,4,100.0,124.77,100.0,2.0,9.73,0
2026-10-05,ethereum-mainnet,4,57.14,111.52,69.0,,,4
2026-10-05,optimism-mainnet,4,100.0,290.66,96.25,2.0,39.96,0
2026-10-06,arbitrum-one,5,85.71,107.8,93.0,0.27,0.0,0
2026-10-06,arc-mainnet,5,100.0,456.59,95.0,0.51,1.91,0
2026-10-06,avalanche-c-chain,5,85.71,74.03,93.0,1.15,1.88,0
2026-10-06,base-mainnet,5,100.0,93.73,100.0,2.0,9.45,0
2026-10-06,ethereum-mainnet,5,57.14,63.84,69.0,,,5
2026-10-06,optimism-mainnet,5,100.0,235.99,97.0,2.0,54.43,0
2026-10-07,arbitrum-one,4,85.71,93.15,93.0,0.27,0.0,0
2026-10-07,arc-mainnet,4,100.0,892.17,92.5,0.51,2.15,1
2026-10-07,avalanche-c-chain,4,85.71,188.36,91.75,1.11,8.33,0
2026-10-07,base-mainnet,4,100.0,99.77,100.0,2.0,8.05,0
2026-10-07,ethereum-mainnet,4,57.14,70.39,69.0,,,4
2026-10-07,optimism-mainnet,4,100.0,489.09,96.25,2.0,60.13,1
2026-10-08,arbitrum-one,4,85.71,122.86,93.0,0.27,0.0,0
2026-10-08,arc-mainnet,4,100.0,459.42,95.0,0.51,2.63,0
2026-10-08,avalanche-c-chain,4,85.71,93.75,93.0,1.03,1.3,0
2026-10-08,base-mainnet,4,92.86,117.76,96.5,2.0,12.56,0
2026-10-08,ethereum-mainnet,4,57.14,75.29,69.0,,,4
2026-10-08,optimism-mainnet,4,100.0,262.12,97.5,2.0,40.85,0
2026-10-09,arbitrum-one,4,85.71,98.42,93.0,0.27,0.0,0
2026-10-09,arc-mainnet,4,100.0,422.47,95.0,0.51,4.8,0
2026-10-09,avalanche-c-chain,4,85.71,82.9,93.0,1.02,1.84,0
2026-10-09,base-mainnet,4,85.71,85.92,93.0,2.0,10.4,0
2026-10-09,ethereum-mainnet,4,57.14,75.67,69.0,,,4
2026-10-09,optimism-mainnet,4,100.0,230.02,98.75,2.0,36.88,0
2026-10-10,arbitrum-one,2,85.71,100.21,93.0,0.28,0.0,0
2026-10-10,arc-mainnet,2,100.0,488.95,95.0,0.51,2.01,0
2026-10-10,avalanche-c-chain,2,85.71,74.12,93.0,1.14,8.57,0
2026-10-10,base-mainnet,2,85.71,104.38,93.0,2.0,7.54,0
2026-10-10,ethereum-mainnet,2,57.14,56.21,69.0,,,2
2026-10-10,optimism-mainnet,2,100.0,293.19,97.5,2.0,51.78,0
